CREATE TABLE USERPERSONAL(
USERID VARCHAR(10)PRIMARY KEY,
U_EMAIL VARCHAR(30)NOT NULL,
FNAME VARCHAR(30)NOT NULL,
LNAME VARCHAR(30)NOT NULL,
CITY VARCHAR(30)NOT NULL,
STATE VARCHAR(30)NOT NULL,
ZIP VARCHAR(20)NOT NULL
);

INSERT INTO USERPERSONAL
(USERID,U_EMAIL,FNAME,LNAME,CITY,STATE,ZIP)
VALUES('MA12','alex@ymail.com','alex','jones','houston','texas','75001');
INSERT INTO USERPERSONAL
(USERID,U_EMAIL,FNAME,LNAME,CITY,STATE,ZIP)
VALUES('PO45','emma.john@gmail.com','emma','stone','albany','new work','10008');
INSERT INTO USERPERSONAL
(USERID,U_EMAIL,FNAME,LNAME,CITY,STATE,ZIP)
VALUES('LA33','victoria@yahoo.com','victoria','aurora','istanbul','turkey','34000');
INSERT INTO
USERPERSONAL(USERID,U_EMAIL,FNAME,LNAME,CITY,STATE,ZIP)
VALUES('CH99','joe.1997@hotmailmail.com','joe','johnson','los angeles','california','90201');
INSERT INTO USERPERSONAL
(USERID,U_EMAIL,FNAME,LNAME,CITY,STATE,ZIP)
VALUES('DA74','dlany01@live.com','dany','william','miami','florida','32006');

SELECT * FROM Userpersonal;


--------------------------------------Create Table USEREMAILID------------------------

CREATE TABLE USEREMAILID(
USERID VARCHAR(10)NOT NULL,
U_EMAIL VARCHAR(30)NOT NULL,
CONSTRAINT USEREMAIL_PK PRIMARY KEY (USERID)
);

INSERT INTO USEREMAILID
(USERID,U_EMAIL)
VALUES('MA12','alex@ymail.com');
INSERT INTO USEREMAILID
(USERID,U_EMAIL)
VALUES('PO45','emma.john@gmail.com');
INSERT INTO USEREMAILID
(USERID,U_EMAIL)VALUES('LA33','victoria@yahoo.com');
INSERT INTO USEREMAILID
(USERID,U_EMAIL)
VALUES('CH99','joe.1997@hotmailmail.com');
INSERT INTO USEREMAILID
(USERID,U_EMAIL)VALUES('DA74','dlany01@live.com');

SELECT * FROM USEREMAILID;

------------------------------------------------Create Table USERDETAILS------------------------------------------
  drop table userdetails;
  
  CREATE TABLE USERDETAILS(
USERID VARCHAR(10),
FNAME VARCHAR(30)NOT NULL,
LNAME VARCHAR(30)NOT NULL,
CONSTRAINT FK_USERID
FOREIGN KEY (USERID)
REFERENCES USEREMAILID(USERID)
 );
 
INSERT INTO USERDETAILS
(USERID,FNAME,LNAME)
VALUES('MA12','alex','jones');
INSERT INTO USERDETAILS
(USERID,FNAME,LNAME)
VALUES('PO45','emma','stone');
INSERT INTO USERDETAILS
(USERID,FNAME,LNAME)
VALUES('LA33','victoria','aurora');
INSERT INTO USERDETAILS
(USERID,FNAME,LNAME)
VALUES('CH99','joe','johnson');
INSERT INTO USERDETAILS
(USERID,FNAME,LNAME)
VALUES('DA74','dany','william');
SELECT * FROM USERDETAILS;


---------------------------------------------Create Table USERADDRESS------------------------------------
CREATE TABLE USERADDRESS(
CITY VARCHAR(30)NOT NULL,
STATE VARCHAR(30)NOT NULL,
ZIP VARCHAR(20) PRIMARY KEY
);

INSERT INTO USERADDRESS
(CITY,STATE,ZIP)
VALUES('houston','texas','75001');
INSERT INTO USERADDRESS
(CITY,STATE,ZIP)
VALUES('albany','new work','10008');
INSERT INTO USERADDRESS
(CITY,STATE,ZIP)
VALUES('istanbul','turkey','34000');
INSERT INTO USERADDRESS
(CITY,STATE,ZIP)
VALUES('los angeles','california','90201');
INSERT INTO USERADDRESS
(CITY,STATE,ZIP)
VALUES('miami','florida','32006');
SELECT * FROM USERADDRESS;
